"Weight","TailLength","Heart","LKidney","RKidney","Spleen","Liver","FatPad"
37.27,90.7,0.12,NA,0.32,0.09,1.9,0.58
29.57,88.92,0.2,0.35,0.35,0.08,1.63,0.39
24.92,89.64,0.09,0.2,NA,NA,1.35,0.37
31.38,88.3,0.23,NA,0.33,0.08,1.79,0.9
31.33,79.77,0.15,0.35,0.35,0.1,1.68,NA
31.22,86.52,0.22,0.36,0.38,0.09,1.88,0.61
28.8,82.85,0.14,0.21,0.2,0.12,1.9,0.84
27.25,89.37,0.18,0.21,NA,0.11,1.87,0.59
20.75,86.41,0.12,0.14,0.14,0.06,1.09,0.13
36.5,87.02,0.18,0.33,0.36,NA,NA,0.72
36.17,68.27,0.18,NA,0.33,0.09,2.03,1.36
33.78,77.8,0.16,0.27,0.3,0.08,1.99,0.86
NA,61.47,0.12,0.18,0.22,0.11,1.94,1.58
35.18,76.37,0.14,NA,0.29,0.09,2.05,NA
38.33,70.07,0.19,NA,0.39,0.16,2.33,1.18
31.97,65.28,0.13,0.26,0.29,0.09,1.82,0.94
38.55,75.19,0.16,0.34,0.35,0.09,2.35,1.1
28.06,73.7,0.15,NA,0.2,0.09,1.76,NA
38.56,74.35,0.18,0.35,0.36,0.09,NA,1.52
40.63,96.04,0.2,NA,0.48,0.16,2.5,0.69
31.07,99.92,0.18,0.33,0.36,0.12,1.88,0.68
28.26,99.49,0.18,NA,0.22,0.09,1.51,0.83
30.38,101.83,0.18,0.25,0.25,0.16,2.06,0.45
24.53,88.79,0.13,NA,0.15,0.08,1.41,0.52
31.29,96.65,0.16,0.29,0.29,0.12,1.93,0.67
32.81,92.57,0.22,NA,0.39,0.12,1.81,0.33
36.28,100.58,0.17,0.37,0.36,0.11,2,NA
NA,91.22,0.12,0.17,0.18,0.1,1.32,0.38
NA,98.08,0.17,0.3,0.31,0.11,1.59,1.35
26.01,89.17,0.16,0.23,NA,0.11,NA,NA
29.48,93.36,0.19,NA,0.31,0.15,NA,0.48
27.91,94.68,0.12,NA,0.192,0.126,1.469,NA
32.53,94.62,0.16,0.2,0.27,0.12,1.72,1.16
28.02,NA,0.15,0.27,NA,0.09,1.67,0.42
28.66,91.05,NA,NA,0.222,0.148,2.03,0.615
36.34,99.05,0.2,0.35,0.35,0.13,2.3,NA
39.87,96.44,0.16,0.3,0.28,0.11,2.37,1.59
46.19,92.01,0.22,0.33,0.36,0.12,2.84,1.82
33,89.84,0.16,NA,0.26,0.14,2.46,1.34
24.65,89.59,0.159,0.213,0.211,0.077,1.73,NA
38.45,92.69,0.19,NA,0.41,0.09,NA,1.54
25.12,86.17,0.16,0.28,0.28,0.11,1.67,0.35
20.77,83.7,0.14,0.192,0.207,0.088,1.3,0.46
NA,89.36,0.13,NA,0.22,0.09,1.81,NA
25.09,86.77,0.13,0.18,0.2,0.11,1.77,0.4
25.56,86.97,0.18,0.27,0.28,0.1,1.72,0.04
28.9,83.2,0.166,0.206,0.213,0.103,1.56,NA
29.5,87.85,0.15,NA,0.19,0.12,1.6,NA
19.3,85.66,0.11,NA,0.15,0.06,NA,0.52
24.67,87.8,0.128,0.18,0.19,0.075,1.61,0.57
38.39,93.09,0.24,NA,0.42,0.11,2.42,0.93
32.72,NA,0.16,NA,NA,0.11,2.04,1.98
23.4,84.25,0.12,0.16,0.16,0.07,1.31,NA
NA,88.75,0.19,0.21,0.19,0.1,1.66,1.2
39.02,95.77,0.26,NA,0.42,0.16,2.25,NA
33.54,93.32,0.13,NA,0.35,0.09,1.86,0.97
27.77,86.86,0.15,0.19,0.2,0.11,1.46,0.45
30.99,90.94,0.17,0.21,NA,0.11,1.55,1.77
35.37,91.78,0.18,0.22,0.25,0.12,1.97,2.09
34.47,91.64,0.18,NA,0.34,0.11,1.95,1.02
29.3,84.64,0.13,0.19,0.21,0.09,1.87,0.92
NA,93.3,0.18,0.35,0.37,0.12,2.13,1
NA,87.2,0.16,0.22,0.19,0.14,1.42,NA
NA,NA,0.16,0.37,0.36,0.11,1.93,0.77
23.07,87.71,0.18,0.18,0.19,0.1,1.42,0.29
24.97,87.07,0.16,0.23,0.19,0.1,1.58,NA
34.16,86.93,0.22,0.33,0.34,0.11,1.97,NA
29.64,85.61,0.13,NA,0.28,0.07,1.74,NA
31.17,85.88,0.18,0.31,0.32,0.08,1.89,NA
33.06,93.81,0.22,NA,0.37,0.1,2.03,NA
37.23,93.08,0.25,0.33,0.32,NA,2.27,NA
30.32,93.18,0.17,NA,0.3,0.11,1.82,0.79
NA,96.02,0.19,0.35,0.35,0.11,2.02,0.73
35.26,95.92,0.2,NA,0.33,0.08,2.07,0.69
21.92,77.97,0.1,0.17,0.16,0.09,1.3,0.44
24.66,84.47,0.16,0.23,0.23,0.09,1.11,0.31
25.22,83.48,0.15,0.21,NA,0.1,1.46,0.44
39.87,97.32,0.22,0.33,0.37,0.08,2.15,1.26
27.9,85.82,NA,NA,0.18,0.07,1.55,0.74
31.17,89.88,0.18,0.31,0.34,0.09,1.48,NA
33.69,90.24,0.23,0.33,0.34,0.08,1.72,0.82
27.48,86.1,0.15,0.2,0.22,0.12,1.91,0.46
26.92,92.22,0.14,0.21,0.2,0.11,1.59,0.71
28.92,90.78,0.1,0.21,0.23,0.09,1.38,NA
NA,95.05,0.14,0.23,0.26,0.13,1.59,NA
38.92,83.95,0.12,NA,0.23,0.14,1.49,3.15
42.59,97.16,0.22,0.47,0.48,0.12,2.15,1.85
36.92,97.74,0.18,NA,0.38,0.12,1.99,0.97
NA,98.54,0.14,NA,0.32,0.11,1.77,0.91
29.17,100.66,0.17,0.22,0.19,0.12,1.66,1.04
31.4,89.96,0.14,NA,0.22,NA,1.72,1.36
25.42,81.52,0.1,NA,0.21,0.1,1.49,NA
32.87,83.81,0.19,0.4,0.39,0.1,2.24,NA
29.71,89.67,0.17,0.24,0.25,0.13,2.19,NA
28.59,80.65,0.12,0.21,0.22,0.13,1.93,0.76
24.75,85.44,0.13,NA,0.2,0.08,1.61,0.3
NA,87.96,0.16,NA,0.25,0.1,2.61,1.26
25.66,82.47,0.15,NA,0.2,0.05,NA,0.99
34.46,91.28,0.17,NA,0.39,0.14,2.27,0.71
28.91,92.69,0.16,NA,NA,0.14,2.32,0.19
30.94,99.33,0.15,NA,0.33,0.13,1.87,0.43
30.05,98.01,0.15,NA,0.39,0.11,1.72,0.64
23.76,89.67,0.17,NA,0.2,0.13,1.54,0.28
30.02,96.49,0.2,NA,0.36,0.1,NA,0.45
33.19,93.08,0.18,0.36,0.36,0.36,2.1,0.87
34.14,98.2,0.14,NA,0.33,0.09,2.11,0.73
38.53,96.59,0.2,0.35,0.37,NA,2.29,1.11
25.87,91.37,NA,NA,0.2,0.1,1.72,0.68
34.12,97.69,0.19,0.37,0.36,0.1,1.82,NA
31.95,95.59,0.2,0.36,0.4,0.09,2.11,0.37
31.73,93.52,0.19,NA,0.33,0.17,2.61,NA
35.77,93.35,0.19,0.47,0.44,0.15,1.93,0.47
23.88,86.24,0.13,NA,0.21,0.11,1.5,0.3
23.6,85.15,0.11,NA,NA,0.12,1.47,NA
27.28,90.12,0.15,NA,NA,0.1,1.39,0.73
NA,89.29,0.17,0.27,0.28,0.18,1.44,0.58
28.13,88.26,0.18,0.25,0.28,0.1,1.69,0.47
22.88,84.52,0.13,NA,0.19,NA,1.53,0.46
34.63,91.85,0.21,NA,0.33,0.08,2.02,NA
22.75,82.79,0.18,0.17,0.15,0.1,1.44,0.66
31.61,84.71,0.14,NA,0.26,0.06,1.63,0.91
27.06,88.08,0.14,NA,0.28,0.08,1.54,0.44
23.91,85.7,0.15,0.19,0.18,0.09,1.66,0.33
NA,81.45,0.12,0.18,0.19,0.12,1.17,0.29
29.31,89.68,0.15,0.23,0.25,0.11,1.67,0.8
26.65,85.4,0.14,0.19,0.2,NA,1.61,0.73
22.56,NA,0.12,0.22,0.21,0.11,1.51,0.22
26.02,87.95,0.11,NA,0.2,0.16,1.25,0.43
29.8,88.13,0.14,0.26,NA,0.13,1.69,0.88
31.04,87.07,0.17,NA,0.34,0.1,1.62,NA
NA,96.83,0.27,0.41,0.44,0.18,2.56,0.53
29.96,91.28,0.14,NA,0.2,0.11,NA,0.38
31.85,91.47,0.16,0.34,0.36,0.13,2.07,0.62
29.81,85.61,0.17,0.22,0.2,0.13,1.79,NA
26.21,86.29,0.11,NA,0.19,0.12,1.37,NA
29.84,88.95,0.12,0.23,NA,0.1,1.84,NA
33.45,98.23,0.27,0.33,0.35,0.12,1.94,0.54
NA,98.23,0.27,NA,0.35,0.12,1.99,NA
33.03,92.19,0.19,NA,0.43,0.12,2.22,0.84
30.39,87.85,0.16,NA,0.23,0.13,1.81,0.88
25.15,95.22,0.14,0.2,0.2,0.12,1.42,0.38
29.41,94.75,0.16,NA,0.34,0.09,1.58,NA
34.69,99.9,0.18,NA,0.34,0.1,1.99,0.7
27.66,88.61,0.12,0.21,0.26,0.12,1.77,0.22
26.91,92.08,0.14,0.24,0.24,NA,1.74,0.34
36.09,94.8,0.18,0.35,0.37,0.09,2.06,0.91
32.59,94.13,0.16,0.35,0.36,0.11,1.96,0.94
43.75,93.11,0.18,0.39,0.38,NA,2.5,NA
NA,88.5,0.18,NA,0.24,0.12,2.42,0.241
36.03,96.76,0.16,0.28,0.29,0.1,1.93,NA
36.23,98.21,0.2,NA,NA,0.11,2.3,0.64
33.66,NA,0.15,0.23,0.23,0.11,1.6,1.49
NA,NA,0.19,0.4,0.42,0.1,2.32,1.33
33.89,86.32,0.16,0.29,0.29,0.06,1.88,1.04
NA,NA,0.18,0.41,0.35,0.1,1.9,NA
28.2,91.24,0.13,NA,0.18,0.1,1.51,0.97
30.37,NA,0.15,NA,0.34,0.07,1.75,0.52
32.38,94.46,0.13,NA,0.3,0.1,1.91,0.6
23.89,70.72,0.11,NA,0.15,NA,1.37,0.58
40.59,86.14,NA,0.44,0.44,0.13,2.25,1.38
31.61,88.49,0.14,0.32,0.32,NA,1.62,1.01
30.46,94.5,0.13,0.21,0.24,0.12,1.87,0.48
39.33,99.64,0.22,0.43,0.42,0.11,2.15,NA
33.65,88.69,0.22,NA,0.41,0.16,2.17,0.58
24.35,88.9,0.13,0.21,0.22,0.08,1.72,NA
31.67,96.44,0.22,NA,0.38,0.13,1.79,0.31
25.36,83.31,0.15,0.2,0.2,0.11,1.63,NA
23.06,87.28,0.12,0.19,0.18,0.1,1.59,NA
24.14,85.16,0.12,0.21,0.19,0.09,1.31,NA
22.58,84.26,0.13,NA,0.22,0.07,1.35,0.36
21.02,83.94,NA,0.18,0.16,0.09,1.26,0.41
23.73,79.3,NA,0.19,0.2,0.12,1.52,0.52
29.05,93.02,0.18,NA,0.3,0.1,1.62,0.79
20.31,NA,0.12,0.19,0.17,0.09,1.21,0.22
23.43,85.94,0.13,NA,0.27,0.05,NA,0.45
NA,90.03,0.12,NA,0.22,0.1,1.63,NA
27.27,85.08,0.13,0.26,0.23,0.1,1.51,0.54
NA,85.04,0.11,0.19,0.21,0.08,1.27,0.23
27.77,83.1,NA,0.22,0.27,0.1,1.6,0.7
23.11,87.53,0.12,NA,0.18,0.09,1.35,0.44
30.32,87.29,0.19,NA,0.32,0.06,1.65,0.41
24.06,82.65,0.13,0.23,0.22,0.09,1.29,0.31
33.53,82.45,0.14,NA,0.4,0.1,1.79,NA
33.71,81.14,0.18,0.38,0.39,0.1,1.9,NA
28.45,82.7,0.15,NA,NA,0.06,1.48,0.56
32.22,89.03,0.17,0.38,0.38,0.08,1.83,NA
31.26,80.66,0.18,0.35,0.38,0.07,1.58,0.64
29.43,89.59,0.12,NA,0.24,0.09,1.6,0.8
30.57,100.11,0.1,NA,NA,0.07,1.62,1.27
30.55,93.84,0.15,0.19,0.22,0.11,1.72,1.42
27.83,83.93,0.15,NA,NA,0.08,1.97,1.05
NA,88.68,0.14,0.21,NA,0.09,1.67,0.87
36.18,89.43,0.11,NA,0.2,0.04,2.16,1.52
35.67,94.85,0.16,NA,0.36,0.09,1.96,0.99
33.71,90.39,0.19,0.35,0.36,0.1,2.02,0.95
31.83,85.46,0.18,0.32,NA,NA,2.07,0.51
37.71,91.26,0.2,0.34,NA,0.15,2.24,1.42
30.65,86.55,0.16,0.21,0.21,0.13,1.92,1.25
25.02,NA,0.11,0.16,0.17,0.13,1.39,0.58
20.96,86.16,0.15,NA,NA,0.1,1.52,NA
34.02,91.27,0.2,0.4,0.4,0.14,2.09,1.01
NA,93.93,0.24,NA,0.36,NA,2.29,1.18
NA,85.62,0.16,0.19,0.22,0.1,1.59,0.67
30.49,84.26,0.16,NA,0.2,0.11,1.9,1.31
37.46,89.48,0.17,0.3,0.29,0.12,2.13,1.64
32.19,83.87,0.17,NA,0.22,0.15,NA,1.16
29.93,86.41,0.14,0.21,NA,0.14,1.72,0.9
30.58,82.82,0.18,0.34,0.35,0.07,NA,0.73
NA,NA,0.16,0.24,0.27,0.07,1.72,0.51
31.56,87.95,0.2,NA,0.28,0.14,2.23,NA
NA,85.61,0.15,0.18,0.18,0.1,1.61,NA
29.81,91.84,0.19,NA,0.29,0.1,1.69,0.57
26.02,85.61,0.18,0.2,0.2,0.11,1.69,0.75
32.37,94.32,0.18,0.33,NA,0.11,1.9,NA
30.3,88.75,0.14,0.22,0.22,0.1,1.76,1.45
32.14,87.27,0.17,0.33,0.35,0.14,2,0.4
29.82,87.35,0.12,0.29,0.29,0.09,1.84,0.61
28.96,84.97,0.18,NA,0.19,0.13,1.85,0.96
37.07,78.4,0.18,0.35,NA,0.14,2.43,0.86
34.72,85.51,0.23,0.31,0.32,0.07,2.35,1
33.92,88.16,0.18,0.34,0.38,0.16,2.08,NA
34.02,91.37,0.2,0.35,NA,0.14,1.9,NA
30.87,85.18,0.18,NA,0.27,0.1,1.79,0.72
29.44,86.69,0.16,NA,0.32,0.1,1.75,0.54
31.09,87.82,0.16,0.21,0.22,0.24,2.12,NA
26.9,84.05,0.17,0.22,0.21,0.16,1.74,0.51
35.71,86.66,0.12,NA,0.32,0.14,2.3,1.37
27.56,82.96,0.13,NA,0.22,0.08,1.32,1.27
27.3,84.92,0.1,NA,0.2,0.09,1.27,1.21
29.66,83.04,0.11,NA,0.26,0.11,1.1,1.16
40.51,91.14,0.2,0.36,0.4,0.13,2.13,1.75
32.32,85.83,0.14,NA,0.27,0.1,1.46,1.16
31.25,87.46,0.12,0.22,0.23,0.1,1.59,1.03
33.88,90.39,0.13,NA,0.21,0.1,1.7,NA
40.92,90.91,0.2,NA,0.38,0.12,2.35,0.98
26.74,86.87,0.1,NA,NA,0.08,1.5,NA
28.68,85.15,0.15,0.36,0.37,0.11,NA,0.7
23.55,85.59,0.1,NA,0.14,0.09,1.29,1.03
25.25,83.96,0.14,0.21,0.22,0.11,1.7,0.32
32.6,NA,0.16,0.31,0.29,0.1,1.91,0.96
30.15,84.9,0.13,0.29,0.33,0.1,1.77,NA
18.69,75.87,0.12,0.16,0.14,0.12,1.13,NA
17.11,73.61,0.09,NA,0.14,0.12,1.05,0.17
19.93,80.76,0.09,NA,NA,0.06,1.25,0.28
31.21,91.41,0.16,0.34,0.37,0.09,1.9,0.73
26.4,88.66,0.14,NA,0.24,0.08,1.3,0.6
31.66,89.89,0.17,0.35,0.36,0.1,1.82,0.77
27.41,86.59,0.14,NA,0.29,0.07,1.56,NA
23.7,86.32,0.12,NA,0.17,0.1,1.52,NA
27.46,90.65,0.16,0.19,0.19,0.12,1.48,1.09
34.83,97.78,0.21,NA,0.37,0.13,1.92,0.6
29.36,91.52,0.15,NA,0.26,0.11,1.63,1.03
27.39,93.65,0.14,NA,0.18,0.12,1.69,NA
NA,95.06,0.21,0.24,0.24,0.13,NA,1.35
26.62,86.15,0.16,0.18,0.17,0.09,1.36,NA
35.68,98.97,0.18,0.31,NA,0.11,2.17,1.03
26.4,88.19,0.18,0.24,0.26,0.17,1.71,NA
NA,87.52,0.21,0.34,0.36,0.16,2.02,NA
39.84,NA,0.19,NA,0.42,0.13,2.51,0.77
37.59,88.88,0.19,NA,0.39,0.1,2.15,1.32
38.67,88.97,0.25,NA,0.4,0.13,2.24,1.46
39.59,90.4,0.2,0.43,0.48,0.1,2.25,1.78
40.97,94.31,0.18,0.38,0.44,0.11,2.46,1.51
35.72,91.42,0.18,NA,0.48,0.13,2.09,0.63
NA,91.64,0.16,NA,0.28,0.12,1.71,1.16
36.71,87.92,0.15,NA,0.27,0.11,1.89,1.18
46.45,96.75,0.23,NA,0.4,0.14,NA,2.23
NA,92.65,0.15,NA,0.29,NA,2.11,1.02
37.41,95.12,0.18,0.4,0.4,0.1,1.81,0.83
31.84,89.19,0.15,0.26,0.23,0.08,2.02,1.42
34.56,95.6,0.17,0.35,0.38,0.09,1.85,0.64
34.48,100.21,0.16,0.29,0.3,0.08,1.9,0.8
31.72,96.8,0.18,NA,0.32,0.08,1.7,0.66
39.87,101.33,0.25,0.39,0.41,0.1,2.25,0.89
NA,96.79,0.15,0.32,0.31,0.08,1.68,0.4
21.59,75.49,0.13,NA,0.18,0.05,1.27,0.15
23.03,86.25,0.13,NA,0.18,0.08,1.24,0.37
28.14,102.1,0.16,0.28,0.31,0.07,1.28,0.26
45.94,95.84,0.15,0.33,0.34,0.09,2.4,NA
41.04,94.02,0.16,0.37,0.38,0.1,2.1,1.2
21.7,96.11,0.12,NA,0.21,0.07,1.54,0.31
25.16,94.69,0.14,0.19,0.2,0.11,1.6,0.58
25.72,91.52,0.14,0.21,0.21,0.12,1.42,0.45
22.28,91.5,0.13,0.15,0.16,0.09,1.31,NA
NA,92.33,0.11,0.17,0.16,0.07,1.34,0.19
34.98,87.48,0.17,0.35,0.37,0.11,2.14,NA
30.76,98.17,0.16,0.26,0.23,0.12,1.86,0.88
NA,92.49,0.13,NA,0.23,0.12,1.7,0.22
33.46,100.92,0.1,NA,0.39,0.09,1.92,0.39
23.77,88.48,0.16,0.2,0.18,0.11,1.41,0.21
36.01,92.67,0.19,0.38,0.38,0.12,2.26,0.38
35.96,94.15,0.14,NA,0.35,0.1,2.07,0.51
28.65,96.66,0.1,NA,0.23,0.1,1.63,NA
24.08,94.87,0.15,NA,0.36,0.14,2.01,0.48
NA,94.67,0.12,NA,0.35,0.12,1.76,0.32
25.39,96.11,0.08,0.17,0.18,0.08,1.41,0.45
29.54,NA,0.17,NA,0.3,0.08,1.61,NA
34.58,97.98,0.16,0.37,0.39,0.07,1.9,1.12
30.17,NA,0.16,0.21,0.22,0.09,1.3,1.1
NA,90.36,0.15,0.23,0.22,0.12,1.87,0.78
24.88,89.37,0.11,NA,0.17,0.07,0.39,0.73
23.03,88.15,0.1,0.15,0.16,0.06,1.29,0.61
37.76,96.22,0.21,NA,0.27,0.13,1.96,1.58
25.33,87.46,0.12,NA,0.21,0.08,1.3,NA
34.47,90.82,0.17,NA,NA,0.08,1.75,0.68
31.13,95.92,0.14,0.35,0.35,0.1,NA,0.29
29.71,98.92,0.14,0.3,0.3,0.08,1.97,0.73
35.42,89.81,0.19,0.34,0.37,0.11,2,NA
30.43,86.95,0.18,0.32,0.33,0.07,1.71,0.58
35.65,96.41,0.12,NA,0.36,NA,2.12,0.57
25.59,93.78,0.12,0.21,NA,0.11,1.48,0.41
28.1,88.08,0.13,0.24,0.24,NA,1.53,0.48
NA,83.94,0.13,0.17,0.18,0.07,1.13,NA
34.24,NA,0.17,NA,0.38,0.1,1.91,0.81
34.09,88.15,0.15,0.27,0.3,0.08,1.62,1.09
25.37,86.25,0.13,NA,0.23,0.08,1.32,NA
39.5,93.99,0.23,NA,0.36,0.11,NA,0.97
24.26,89.83,0.14,0.21,0.17,0.1,1.38,0.48
40.18,98.46,0.22,NA,0.42,0.1,2.17,NA
34.82,99.16,0.22,NA,0.4,0.1,2.06,0.95
37.27,96.82,0.26,0.33,0.31,0.1,1.87,NA
27.92,NA,0.11,0.3,0.32,0.08,1.25,0.54
32.85,103.31,0.24,NA,0.31,0.11,1.58,NA
26.1,96.01,0.17,NA,NA,0.15,1.6,NA
38.35,103.3,NA,0.44,0.43,0.13,2.07,1.1
40.01,99.18,0.19,0.44,0.44,0.13,2.16,0.95
24.89,84.16,0.13,0.24,0.25,0.11,1.47,0.47
27.51,83.18,0.17,0.25,0.25,0.11,1.64,NA
24.51,79.63,0.14,0.23,0.24,0.11,1.4,NA
NA,85.93,0.19,NA,0.36,0.1,2.06,NA
20.88,88.18,0.19,0.37,0.38,0.08,1.83,0.55
27.85,84.31,0.15,NA,0.21,0.08,1.83,0.65
27.36,89.09,0.16,0.28,NA,0.09,1.5,0.45
24.6,78.52,0.16,0.22,0.19,0.1,1.69,0.83
41.25,100.92,0.18,0.44,0.4,0.16,2.03,1.19
28.9,89.62,0.15,NA,0.29,0.11,NA,0.47
31.35,91.91,0.18,NA,0.35,0.09,NA,0.59
22.98,93.08,0.12,0.17,0.18,NA,1.45,0.37
25.45,86.13,0.12,0.2,0.21,0.11,1.78,0.3
25.65,88.04,0.14,0.2,0.2,0.15,1.77,NA
30.29,87.87,0.17,0.28,0.29,0.09,1.76,0.55
NA,88.52,NA,NA,0.28,0.08,1.22,0.45
23.44,92.36,0.13,NA,0.19,0.13,1.47,0.38
28.89,92.21,0.1,0.19,NA,0.09,1.55,0.83
23.31,87.94,0.11,0.18,0.17,0.09,1.28,0.44
24.85,88.79,0.19,0.17,0.21,0.1,1.65,0.47
NA,92.04,0.19,0.3,0.34,0.12,1.84,0.96
32.12,88.35,0.13,NA,0.29,0.09,1.88,1.11
37.96,88.98,0.19,NA,0.34,0.12,2.25,1.23
29.97,87.54,0.17,NA,0.22,0.12,1.72,1.1
23.47,77.99,0.15,0.2,0.19,0.1,1.35,NA
34.15,95.25,0.13,NA,0.31,0.13,3.13,0.12
NA,94.15,0.16,NA,0.42,0.12,1.9,0.9
37.68,88.18,0.16,0.39,0.43,0.13,2.43,NA
54.5,98.21,0.24,NA,0.56,0.15,NA,NA
44.52,89.35,0.17,NA,0.54,0.13,2.36,1.82
44.53,86.86,0.23,0.5,0.48,0.18,2.66,1.43
42.8,83.46,0.12,NA,0.16,0.06,1.63,0.27
29.54,87.71,0.18,0.2,0.23,0.14,1.68,0.98
25.5,83.54,0.12,NA,0.22,0.07,1.59,0.42
32.57,90.29,0.17,0.3,0.32,0.1,1.99,0.88
32.12,88.63,0.12,NA,0.26,0.1,1.95,NA
29.19,84.31,0.18,0.29,0.32,0.08,1.91,0.79
NA,93.18,0.22,0.4,0.41,0.11,NA,1.56
NA,82.27,NA,NA,0.18,0.11,1.72,1.04
37.32,91.51,0.22,0.43,0.34,0.18,2.25,NA
28.13,86.7,0.14,0.19,0.17,0.05,1.48,NA
35.17,84.26,0.28,0.35,0.34,0.11,3.43,0.15
NA,94.32,0.16,NA,0.35,0.07,2.14,1.76
20.72,75.53,0.1,NA,NA,0.07,1.14,0.92
26.75,82.85,0.12,0.17,0.2,0.08,1.43,NA
30.3,96.96,0.18,NA,0.22,0.14,1.86,0.91
37.11,99.28,0.17,0.38,0.41,0.12,2.32,0.6
29.07,89.52,0.13,NA,0.22,0.1,1.55,1.09
43.53,88.63,0.19,0.44,0.43,0.14,2.66,NA
29.99,101.18,0.21,0.29,0.24,0.14,2.09,0.18
31.11,98.23,0.18,0.24,0.27,0.17,2.14,0.93
NA,101.71,0.19,0.41,NA,0.18,2.14,1.18
27.48,97.56,0.14,0.22,0.23,0.13,1.58,0.76
34.54,NA,0.2,NA,0.38,0.15,1.95,0.64
30.88,94.75,0.15,0.28,0.32,0.11,1.63,0.73
26.32,97.03,0.12,0.2,NA,0.1,1.5,NA
24.11,87.71,0.16,0.17,0.19,0.07,1.64,0.29
32.28,95.06,0.14,NA,0.33,0.13,1.38,0.7
23.05,87.9,0.11,NA,0.2,0.11,1.48,NA
25.89,99.06,0.13,0.17,0.19,0.12,1.73,0.37
29.04,94.31,0.2,0.25,0.28,0.12,2.42,0.18
25.99,91.07,0.17,0.2,0.21,0.08,1.73,0.65
NA,89.93,0.13,NA,0.18,0.1,1.51,0.55
28.27,94.87,0.13,0.21,0.2,NA,1.82,0.93
38.11,94.86,0.22,0.44,0.45,0.33,2.53,0.3
35.75,96.71,0.15,0.4,0.41,0.1,NA,0.95
36.66,90.41,0.22,NA,0.38,0.16,3.33,0.12
28.72,92.36,0.14,NA,NA,0.1,1.8,1.22
20.12,83.78,0.13,0.24,0.21,0.11,1.49,0.36
NA,79.57,0.22,0.47,0.44,0.17,2.35,NA
26.81,90.57,0.17,0.31,0.26,0.11,1.97,NA
32.32,99.16,0.2,0.45,0.48,0.16,2.22,0.37
25.39,80.88,0.13,0.2,0.19,0.08,1.35,0.83
29.36,86,NA,NA,0.35,0.06,1.69,0.49
27.39,91.53,0.16,0.31,0.31,0.1,1.44,NA
27.1,81.86,0.16,NA,0.31,0.1,1.51,0.11
28.83,89.92,0.16,0.35,0.35,0.1,1.45,0.25
NA,83.08,0.12,0.16,0.19,0.1,1.45,0.26
34.11,87.64,0.16,0.34,0.36,0.09,1.56,1
32.98,88.04,0.17,NA,0.31,0.09,1.46,0.91
21.62,88.8,0.17,NA,0.18,0.04,1.36,0.01
28.09,85.73,0.19,0.3,NA,0.09,1.74,NA
28.95,82.39,0.14,0.23,0.24,0.13,NA,0.85
39.45,88.76,0.2,NA,0.33,0.15,2.22,1.3
27.13,83.27,0.12,0.24,0.23,0.07,1.75,0.44
25.57,82.75,0.15,0.19,0.22,0.13,NA,0.67
26.34,83.31,0.13,NA,NA,0.1,1.38,0.89
41.37,91.46,0.15,0.33,0.35,0.11,2.08,NA
27.52,85.02,0.14,0.23,NA,0.1,1.57,0.69
20.28,78.82,NA,NA,0.13,0.07,1.43,NA
36.72,87.75,0.18,0.32,0.35,0.1,2,0.88
NA,82.61,0.13,NA,0.27,0.08,1.74,1.1
28.57,83.26,0.19,NA,0.23,0.11,1.82,0.17
27.08,84.71,0.2,0.33,NA,0.1,1.69,0.48
NA,82.6,0.17,0.24,0.25,0.16,1.82,1.54
33.15,78.73,0.19,0.37,NA,0.09,1.96,0.96
25.92,77.72,0.15,NA,0.21,0.09,1.5,NA
30.67,85.21,0.2,0.3,0.34,0.11,2.09,0.39
20.66,82.26,0.12,NA,0.16,0.08,1.31,0.32
NA,85.73,0.13,0.21,NA,0.11,1.63,NA
24.81,80.98,0.11,0.15,0.15,0.06,NA,1.1
19.99,74.02,0.13,NA,0.16,0.09,1.25,0.42
25.55,83.81,0.16,NA,0.28,NA,1.44,0.51
22.03,78.63,0.11,0.15,0.16,0.08,1.25,0.84
35.63,89.69,0.24,NA,0.34,0.17,3.57,NA
35.74,89.93,NA,0.46,0.45,0.1,2.4,0.64
33.64,87.45,0.18,0.34,0.33,0.12,2.47,0.58
38.76,91.61,0.2,NA,0.43,0.15,2.49,1.18
37.81,89.6,0.17,0.39,0.39,0.11,2.33,0.68
35.46,87.79,0.19,0.38,0.37,NA,2.31,0.85
33.64,84.06,0.18,0.31,0.34,0.09,1.87,NA
35.67,90.43,0.2,NA,0.35,0.12,2.11,1.05
31.89,97.42,0.21,0.32,0.34,NA,1.89,0.66
33.4,93.81,0.17,0.37,0.37,0.07,1.98,NA
NA,NA,0.22,0.29,0.32,0.08,1.77,0.5
32.18,94.89,0.2,0.34,0.34,0.09,2.03,0.66
34.09,93.13,0.2,NA,0.38,0.13,1.95,0.71
33.38,94.19,0.2,0.31,0.32,0.11,2.98,0.15
36.96,101.72,0.19,0.33,0.35,0.11,1.95,1.13
32.48,92.73,0.2,0.35,0.36,0.11,1.68,NA
32.7,94.65,0.18,NA,0.32,0.09,1.63,0.64
36.35,96.69,0.2,0.42,0.43,0.13,2.25,NA
31.11,85.09,0.16,0.27,0.28,0.15,NA,1.04
29.73,89.36,0.14,NA,0.28,0.15,2.03,1.04
28.66,85.41,0.14,0.26,0.24,0.11,1.39,1.2
39.75,92.88,0.23,0.33,0.36,0.12,1.98,1.67
41.31,94.81,0.19,0.37,0.36,0.11,1.89,2.03
30.74,92.75,0.25,NA,0.29,0.13,2.45,0.54
49.51,91.96,0.25,NA,0.44,0.11,2.22,2.49
28.95,87.8,0.17,NA,0.21,0.16,1.82,NA
38.06,89.89,0.23,0.28,0.36,0.13,2.28,1
24.02,83.66,0.12,NA,0.16,0.09,1.25,0.76
45.42,84.93,0.22,0.36,0.4,0.15,2.7,1.78
32.71,83.29,0.13,NA,0.25,0.1,1.82,NA
34.82,79.37,0.22,0.31,0.33,0.16,3.34,0.05
38.52,86.63,0.17,0.31,0.31,0.1,1.97,1.39
25.54,83.23,0.15,0.21,0.21,0.15,1.7,0.43
39.87,90.42,0.22,0.27,0.29,0.17,3.39,0.17
26.81,86.5,0.11,0.2,0.19,0.12,1.9,0.68
33.55,94.98,0.18,NA,0.35,0.07,1.98,0.44
NA,92.52,0.15,0.23,0.22,0.12,1.73,0.61
37.65,93.17,NA,0.42,0.4,0.1,2.2,NA
32.07,91.2,0.17,0.31,0.3,0.1,1.62,0.58
34.59,91.24,0.18,0.32,0.33,0.1,1.91,1.12
30.57,92.45,0.15,0.26,0.27,0.1,1.8,0.52
26.83,91.91,0.14,NA,0.21,0.07,1.86,0.39
32.43,98.83,0.16,NA,0.32,0.09,1.85,0.62
28.35,89.36,0.12,0.19,0.2,0.1,1.74,0.97
39.11,100.65,0.16,0.34,0.4,0.1,2.11,NA
34.46,95.26,0.18,NA,0.29,0.09,1.87,NA
53.46,103.82,0.25,NA,0.36,0.22,4.4,0.16
35.64,100.48,0.2,NA,0.39,0.12,2.04,NA
37.59,99.91,0.24,0.41,0.42,0.1,2,0.46
26.86,90.54,0.12,0.21,0.2,0.13,1.44,0.52
26.66,86.01,0.13,0.26,0.28,0.09,1.42,0.39
32.51,NA,0.16,NA,0.24,0.1,2.83,NA
24.04,86.99,0.12,0.18,0.18,0.1,1.31,0.52
33.49,97,0.21,NA,0.41,0.16,2.17,NA
31.56,93.87,0.14,NA,0.36,0.11,NA,0.69
27.55,82.28,0.17,NA,0.28,0.09,1.45,NA
NA,84.48,0.12,0.18,0.18,0.05,1.31,0.45
25.01,89.7,0.15,NA,0.22,0.12,1.43,0.64
25.83,92.14,0.14,NA,0.23,0.13,1.46,0.49
25.75,88.69,0.12,NA,0.21,0.1,1.56,0.74
25.03,95.2,0.15,0.2,0.21,0.1,1.57,0.41
NA,92.16,0.11,NA,0.17,0.07,1.16,0.52
23.18,88.97,0.18,NA,0.21,0.08,1.3,NA
25.86,87.18,0.15,0.21,0.2,0.12,1.55,NA
38.18,NA,0.19,0.32,0.37,0.1,2.27,1.03
18.86,88.11,0.12,0.17,0.18,0.09,0.98,0.06
27.23,93.24,0.16,0.2,0.25,0.2,1.96,0.48
30.5,93.14,0.19,NA,0.28,0.09,2.7,0.09
21.61,87.13,0.1,0.17,0.18,0.09,1.25,0.33
18.79,79.62,0.09,NA,NA,0.07,1.07,0.29
NA,82.43,0.21,0.44,0.48,0.1,1.97,1
30.39,94.71,0.17,NA,0.32,0.25,1.9,0.09
23.55,82.75,0.15,0.21,0.24,0.13,1.54,0.49
24.57,85.61,0.11,0.17,0.18,0.11,1.44,0.5
23.97,83.33,0.12,NA,0.22,0.12,1.9,NA
28.45,NA,0.15,0.29,0.29,0.15,1.76,0.25
22.22,83.51,0.13,NA,0.21,0.1,1.49,0.38
24.3,77.38,0.13,0.18,0.17,0.12,1.48,0.57
NA,82.13,0.13,0.21,0.2,0.1,1.54,NA
35.87,85.91,0.22,0.28,0.28,0.11,2.24,1.55
38.48,101.07,0.24,0.44,0.44,0.18,2.25,0.86
25.82,97.54,0.11,0.2,0.19,0.12,NA,0.69
26,92.82,0.18,0.28,0.29,0.12,1.3,0.25
28.68,95.24,0.15,NA,0.21,0.13,1.66,0.9
33.72,88.81,0.11,0.29,NA,0.32,2,0.09
45.26,96.62,0.33,NA,0.38,0.21,NA,NA
40.28,91.99,0.19,0.39,0.37,0.15,2.21,1.28
29,90.36,0.17,NA,0.29,0.1,1.93,0.4
21.89,84.02,0.1,NA,0.12,0.09,1.51,NA
27.39,NA,0.13,0.21,0.24,0.09,1.75,0.45
NA,94.2,0.14,NA,0.27,0.09,1.89,0.64
23.21,84.25,0.16,0.18,0.19,0.09,1.73,0.09
31.4,93.01,0.16,0.3,0.29,0.11,1.82,0.71
24.35,86.06,0.1,0.16,0.16,0.08,1.42,0.54
NA,87.4,0.12,NA,0.14,0.1,1.43,0.49
23.41,85.1,0.12,0.12,0.14,0.13,1.21,0.53
23.53,NA,0.12,0.22,0.24,0.07,1.37,0.52
25.19,NA,0.13,NA,0.17,0.1,1.36,0.3
35.98,86.11,0.24,0.24,NA,0.13,NA,0.52
34.95,93.75,0.21,0.32,0.29,0.12,2.01,0.95
NA,94.05,0.19,0.33,0.33,0.1,1.49,NA
32.76,88.39,0.18,0.26,NA,0.11,3.16,0.17
24.24,84.45,0.14,NA,0.22,0.08,1.31,0.64
30.73,94.51,0.16,0.25,0.28,0.09,1.65,0.86
30.75,98.69,0.11,NA,NA,0.09,1.64,0.75
35.46,97.15,0.2,0.37,0.39,0.09,2.09,1.06
28.12,92.94,0.12,NA,0.28,0.06,1.52,0.69
27.64,86.55,0.17,0.25,0.2,0.08,1.32,0.75
32.84,94.35,0.17,NA,NA,0.09,1.63,0.86
23.35,NA,0.09,0.19,0.16,0.07,NA,0.7
NA,91.01,0.11,NA,0.2,0.1,1.57,NA
38.56,95.29,0.21,0.44,0.44,0.11,2.54,0.81
24.99,83.68,0.12,NA,0.23,0.08,1.35,0.45
32.98,93.56,0.26,0.28,NA,0.09,2.96,0.34
NA,94.16,0.19,0.29,0.32,0.09,NA,NA
NA,97.56,0.22,NA,0.4,0.1,2.47,NA
31.16,90.26,0.16,0.35,0.36,0.14,1.92,0.64
31.17,86.98,0.16,0.26,NA,0.15,NA,0.97
26.92,84.08,0.16,NA,0.3,0.05,1.64,NA
35.56,96,0.12,NA,0.37,0.13,2.03,0.7
24.11,88.05,0.12,NA,0.19,0.08,1.07,0.55
31.2,87.96,0.14,0.25,0.24,0.12,1.71,NA
NA,86.86,0.19,NA,0.34,0.11,NA,0.69
39.49,93.77,0.2,NA,0.31,0.2,3.1,0.12
23.34,88.5,NA,NA,0.2,0.1,1.37,NA
34.81,95.28,0.14,NA,0.35,0.14,1.99,0.98
32.39,91.02,0.14,NA,0.36,0.11,2.06,0.83
26.77,88.11,0.13,NA,NA,0.15,1.87,0.19
23.78,87.26,0.14,NA,0.24,0.1,1.58,0.23
NA,89.34,NA,NA,0.18,0.1,1.5,NA
25.9,93.31,0.11,NA,0.2,0.11,1.55,0.39
34.52,92.01,0.16,0.37,0.36,0.14,2.19,NA
25.11,86.98,0.16,0.18,0.18,0.06,1.35,NA
28.12,96.98,0.2,NA,0.25,0.07,2.29,0.17
33.82,97.6,0.16,NA,0.35,0.08,1.9,1.26
26.34,85.46,0.17,0.25,0.25,0.09,1.56,0.43
NA,85.33,0.13,0.17,0.2,0.08,1.27,NA
41.44,94.76,NA,NA,0.45,0.11,2.85,0.79
21.95,82.79,0.15,0.2,0.21,0.06,1.38,0.32
29.1,92.46,0.16,0.28,0.28,0.07,1.66,0.62
32.89,92.74,0.15,NA,0.32,0.08,1.82,0.72
24.79,93.11,0.15,0.19,0.17,0.08,1.37,0.49
33.32,93.66,0.19,0.33,0.34,0.17,2.08,NA
NA,86.99,0.14,0.18,0.18,0.14,1.2,0.48
33.42,94.04,0.13,0.32,0.33,0.08,1.82,0.95
36.12,91.26,0.19,0.23,0.28,0.14,3.39,0.27
24.68,86.37,0.11,NA,0.21,0.07,NA,0.61
32.25,92.8,0.19,0.3,0.33,0.09,2.06,0.86
20.75,85.16,0.11,0.2,0.2,0.07,1.27,0.31
22.6,88.83,0.12,0.22,0.21,0.08,1.46,0.15
32.84,92.94,0.18,NA,0.29,0.08,1.95,0.46
33.04,94.62,0.18,0.36,0.36,0.09,2.05,0.67
22.05,84.14,0.13,NA,0.18,0.08,1.26,0.32
30.25,89.57,0.15,NA,0.24,0.1,1.76,0.34
34.88,NA,0.22,NA,0.33,0.09,1.97,0.4
NA,95.08,0.15,NA,0.29,0.08,1.59,0.44
27.11,92.7,0.2,NA,0.28,0.07,1.42,0.29
29.09,NA,0.14,NA,0.3,0.07,1.65,0.55
20.21,80.72,0.11,0.17,0.15,0.07,1.16,0.26
46.58,95.56,0.23,0.24,0.24,0.11,3.14,0.86
31.42,76.26,0.14,0.31,0.34,0.07,1.89,0.26
32.94,NA,0.14,NA,0.35,0.12,1.5,NA
40.46,89.08,0.22,NA,0.44,0.17,2.4,0.97
32.18,82.16,0.15,NA,0.33,0.09,2.11,0.43
27.8,86.86,0.15,0.32,0.32,0.09,1.48,NA
39.81,96.34,0.2,NA,0.32,0.14,4.15,0.24
26.71,84.61,0.15,0.2,0.2,0.12,NA,0.55
35.2,80.99,0.13,0.37,NA,0.11,1.98,0.84
37.59,95.26,0.22,0.46,0.48,0.09,2.17,0.61
23.29,73.81,0.11,0.17,0.19,0.12,1.48,0.09
25.99,89.06,0.24,NA,0.32,0.19,2.34,0.13
28.42,79.9,0.16,NA,0.26,0.13,1.83,0.28
NA,82.91,0.14,NA,0.19,0.13,1.43,0.32
NA,89.17,0.16,0.37,0.41,0.12,1.55,1.35
27.4,84.65,0.14,NA,0.31,0.1,1.48,0.3
NA,90.61,0.16,0.35,0.37,0.07,1.66,NA
33.66,NA,0.15,0.33,0.34,0.07,1.71,NA
32.92,90.28,0.21,0.38,0.34,0.13,2.18,0.86
38.75,89.64,0.16,0.31,0.32,NA,2.1,1.42
26.74,87.98,0.12,0.23,0.22,0.08,NA,NA
31.18,88.05,0.17,NA,0.3,0.12,1.69,0.99
30.85,96.23,0.16,NA,0.31,0.09,1.77,0.67
25.77,91.58,0.12,0.2,0.21,0.09,1.24,0.79
25.72,88.62,0.12,0.15,0.15,0.09,1.3,0.89
34.62,86.8,0.2,0.3,0.31,NA,3.2,0.03
32.61,85.47,0.15,0.26,NA,0.05,1.64,1.13
24.03,92.67,0.17,0.18,0.16,0.11,NA,0.35
31.83,101.29,0.19,NA,0.3,0.14,2.47,0.6
NA,91.95,0.15,0.19,0.21,0.12,1.67,0.61
34.31,98.46,0.22,NA,0.26,0.12,2.55,NA
32.53,90.27,0.18,0.35,0.3,0.07,2,0.69
24.19,85.32,0.13,0.18,0.2,0.12,1.69,0.59
31.85,104,0.17,NA,0.3,0.14,2.01,0.52
34.72,98.48,0.22,0.37,NA,0.1,2.33,0.52
25.13,88.61,0.12,0.22,0.25,0.09,1.64,0.16
24.55,91.95,0.13,0.2,0.21,0.08,1.18,0.33
39.69,101.32,0.19,0.33,0.33,0.1,1.72,NA
36.95,96.09,0.18,0.4,0.45,0.17,2.27,0.76
29.68,99.43,0.17,NA,0.27,0.08,1.75,0.36
29.3,92.23,0.13,0.2,0.21,0.06,1.67,1.06
26.46,88.23,0.12,NA,0.19,0.08,1.37,0.82
25.08,NA,0.18,NA,0.18,0.1,1.75,0.74
28.95,92.56,0.13,NA,0.31,0.07,1.49,0.44
NA,86.62,NA,0.25,0.26,0.08,NA,0.16
26.64,90.51,0.14,NA,0.2,0.09,1.35,0.77
37.33,84.86,0.17,NA,0.36,0.1,1.9,1.22
36.91,62.67,0.23,NA,0.53,0.14,2.38,0.65
39.45,90.55,0.16,NA,0.39,0.1,2.3,1.38
NA,88.18,0.19,0.31,0.33,0.13,3.8,NA
NA,84.41,0.13,NA,NA,0.11,1.39,0.82
24.99,90.52,0.14,0.23,0.22,NA,1.36,0.54
NA,NA,0.12,0.23,0.24,0.14,1.57,0.81
33.62,96.74,0.17,0.45,0.45,0.1,1.63,0.58
26.78,81.63,0.15,NA,0.26,0.12,1.51,NA
28.98,84.33,0.15,0.26,0.25,0.17,1.64,1.14
34.11,90.68,0.18,NA,0.36,0.11,2.12,1.08
36.08,92.06,0.17,NA,0.32,0.13,1.78,1.1
29.63,93.68,0.2,NA,0.29,0.1,2.7,0.26
24.93,85.6,0.12,NA,0.21,0.13,NA,0.49
40.49,95.25,0.22,NA,0.42,0.15,NA,NA
37.87,89.82,0.18,0.35,0.38,0.1,2.28,0.52
28.98,91.07,0.14,NA,NA,0.15,2.02,0.52
26.46,86.98,0.14,0.21,0.19,0.17,1.67,0.31
36.23,88.66,0.18,NA,0.3,0.14,2.49,NA
NA,91.5,0.18,0.4,0.41,NA,2.11,2.3
40.19,101.77,0.24,0.45,0.44,NA,1.98,1.31
30.35,84.42,0.2,0.26,0.26,0.11,2.44,0.15
36.12,85.62,0.16,0.21,0.22,0.08,1.98,1.81
51.29,102.77,0.23,NA,0.48,0.1,3.13,NA
33.32,84.2,0.12,0.2,0.19,0.09,1.59,2.08
32.16,87.23,0.15,0.23,0.21,0.09,1.52,1.54
33.82,96.66,0.21,0.31,NA,0.11,2.87,0.41
26.29,84.91,0.13,0.24,0.24,0.09,1.59,0.78
44.33,93.74,0.21,NA,0.52,0.18,2.72,1.76
40.83,91.89,0.16,NA,0.26,0.11,NA,3.45
34.95,83.04,0.1,0.17,0.17,0.11,2.05,1.25
34.89,87.62,0.12,0.16,0.16,0.08,1.83,1.87
NA,90.21,0.19,0.25,0.21,0.11,2.91,0.26
25.16,87.26,0.12,0.19,0.19,0.11,1.48,0.45
NA,90.32,0.19,0.36,0.38,0.19,2.52,0.55
32.91,92.7,0.18,0.33,0.33,0.24,2.33,NA
NA,NA,0.23,NA,0.28,0.15,4.11,NA
44.27,99.7,0.24,0.46,0.43,0.15,2.7,NA
37.11,94.37,0.21,0.36,0.37,0.1,2.04,NA
27.38,89.8,0.12,NA,0.22,0.12,1.81,0.37
46.4,95.8,0.23,NA,0.44,0.13,2.49,2.25
41.21,NA,0.18,0.35,0.31,0.11,2.24,1.78
34.78,96.43,0.18,NA,0.33,0.14,NA,0.88
23.43,86.31,0.15,0.2,0.22,0.12,1.62,NA
28,84.17,0.15,0.27,0.3,0.09,1.72,NA
24.62,84,0.13,0.18,0.17,0.07,1.24,NA
28.32,86.65,0.16,0.26,0.26,0.11,2,0.7
32.98,89.96,0.17,0.29,0.29,0.11,2.03,0.66
40.69,89.98,0.2,0.35,0.38,0.1,2.34,1.31
27.13,87.88,0.14,NA,0.17,0.12,1.61,1.12
29.15,85.25,0.17,0.2,0.23,0.16,2.05,NA
22.35,87.88,0.11,NA,0.17,0.09,1.42,0.31
27.96,85.18,0.15,NA,NA,0.07,1.49,0.85
NA,85.66,0.12,NA,0.22,0.1,1.98,0.12
26.86,82.08,0.11,NA,0.19,0.12,1.67,0.87
NA,92.95,NA,NA,0.46,0.12,NA,1.6
28.05,NA,0.14,NA,0.34,0.11,1.89,0.3
28.32,80.11,0.14,0.2,0.21,0.15,2.17,NA
37.95,98.35,0.18,NA,0.4,0.15,2.45,0.8
NA,85.57,0.16,NA,0.25,0.1,1.98,0.55
21.9,NA,0.11,NA,0.16,0.1,1.39,0.36
NA,86.05,0.15,NA,NA,0.15,1.68,0.25
33.31,NA,0.16,NA,0.28,0.1,2.27,0.39
35.58,83.78,0.17,0.19,0.18,0.12,1.66,0.33
27.21,87.49,0.18,NA,0.25,0.08,2.15,0.2
32.89,93.5,0.18,NA,0.37,0.11,2.1,0.58
26.56,82.56,0.15,NA,0.19,0.13,1.89,NA
40.67,84.48,0.2,0.38,0.36,0.12,NA,NA
37.79,95.24,0.19,0.29,0.31,0.14,2.46,2.09
32.05,79.9,0.12,0.19,0.2,0.07,1.7,1.85
34.66,84.89,0.15,NA,NA,0.13,1.74,1.26
32.15,88.54,0.13,0.22,0.22,0.1,1.67,1.14
44.52,87.06,0.25,0.29,NA,0.1,4.2,NA
33.11,86.58,0.19,0.44,0.43,0.25,2.63,0.22
34.42,93.3,0.15,0.2,0.22,0.15,1.85,1.42
30.87,89.6,0.14,NA,0.22,0.14,1.8,0.73
25.81,85.57,0.14,NA,0.16,0.12,1.37,NA
47.73,92.36,0.15,NA,0.33,0.12,1.89,1.79
31.75,85.54,0.2,0.38,NA,0.1,2.12,0.33
29.24,90.42,0.18,NA,0.29,0.11,1.67,0.49
20.7,80.21,0.12,NA,0.21,0.09,1.26,0.03
29.02,91.65,0.12,NA,0.3,0.08,1.53,0.51
32.62,87.33,0.22,0.33,0.33,0.09,NA,0.21
23.89,80.09,0.12,0.19,0.2,0.09,1.42,0.19
29.28,85.15,0.12,NA,0.22,0.15,2,0.5
31.97,83.68,0.22,0.26,0.29,0.14,2.95,NA
23.5,NA,0.1,0.16,0.18,0.08,1.55,0.25
25.14,79.64,0.12,0.19,0.2,0.1,1.67,0.37
24.96,79.9,0.14,0.16,0.2,0.13,1.44,0.51
40.92,85.88,0.3,NA,0.45,0.14,NA,1.01
31.58,82.68,0.18,NA,0.36,0.11,1.8,NA
NA,96.24,0.23,0.49,0.52,0.18,3.5,1.11
42.08,93.23,0.2,NA,0.36,0.09,2.76,1.81
35.88,97.42,0.22,0.44,0.46,NA,2.42,0.7
34.66,85.94,0.19,0.32,0.33,0.18,3.24,0.21
25.29,91.39,0.13,0.21,0.23,0.11,1.4,NA
33.19,96.53,0.23,0.43,0.44,0.1,2.08,0.6
35.27,92.46,0.15,0.28,0.28,0.12,2.08,NA
40.19,94.14,0.19,0.36,0.35,0.15,1.9,NA
28.37,87.6,0.13,0.22,0.2,0.14,1.81,0.53
31.65,81.84,0.19,0.33,0.33,0.1,2.01,0.75
32.7,85.7,0.18,NA,NA,0.1,1.93,0.8
34.5,82.97,0.22,NA,0.27,0.15,2.79,0.45
54.57,91.74,0.26,NA,0.56,0.15,2.97,2.05
33.3,80.56,0.18,NA,0.39,0.11,2.13,NA
29.57,83.05,0.15,0.22,0.22,0.1,1.81,1.04
31.98,NA,0.22,NA,0.26,0.11,2.76,0.19
31.83,98.21,0.18,0.34,0.33,0.1,1.67,NA
30.45,91.2,0.17,0.3,0.34,0.1,NA,0.18
36.5,95.78,0.2,0.38,0.41,0.09,1.98,NA
33.81,96.35,0.18,0.39,0.36,0.15,2.12,0.6
26.63,87.18,0.16,NA,0.22,0.13,1.64,0.6
48.53,NA,0.23,NA,0.49,0.12,2.66,2.57
34.23,97.23,0.19,0.33,0.34,0.09,2.02,NA
33.38,NA,0.16,NA,0.29,0.1,1.7,1.02
30.3,92.79,0.17,NA,0.31,0.09,1.76,0.43
32.08,97.3,0.17,NA,0.41,0.09,2.17,0.5
21.1,81.7,0.12,NA,0.23,0.06,1.27,NA
25.36,85.23,0.13,NA,0.2,NA,1.6,NA
35.72,88.19,0.23,0.27,0.29,0.1,3.72,NA
24.48,89.89,0.11,NA,0.17,0.08,1.37,0.18
21.87,85.85,0.12,NA,0.19,NA,1.32,0.12
24.85,89.11,0.14,NA,0.22,0.08,1.35,0.53
34,96.64,0.17,NA,0.4,0.09,1.9,NA
22.52,86.89,0.13,NA,0.19,0.08,1.24,NA
NA,83.73,0.14,NA,0.21,0.1,1.41,NA
23.99,88.04,0.14,NA,0.21,0.06,1.42,0.36
22.77,84.08,0.12,0.21,0.23,0.09,1.47,NA
32.46,86.43,0.17,0.3,0.31,0.08,NA,0.95
33.2,90.91,0.18,NA,0.35,0.08,1.66,0.59
24.12,80.89,0.14,NA,0.2,0.08,1.5,0.51
27.38,80.64,0.14,NA,0.18,0.09,1.55,NA
32.19,90.92,0.13,NA,NA,0.08,1.72,0.43
25.69,86.43,0.13,NA,0.21,0.08,1.49,0.49
27.72,88.69,0.12,NA,0.24,0.09,2.01,NA
NA,88.88,0.13,NA,0.25,0.08,1.78,0.41
37.85,97.33,0.21,0.48,0.48,0.08,2.48,0.9
38.55,92.71,0.27,NA,0.32,0.12,3.71,0.11
26.22,84.51,0.16,0.22,0.23,0.15,2.04,NA
25.32,82.51,0.16,0.22,0.23,0.12,1.64,0.39
NA,89.61,0.26,0.36,0.4,0.1,2.06,0.7
NA,90.63,0.22,0.4,0.36,0.09,2.41,0.64
29.4,84.12,0.17,0.19,0.22,0.12,2.2,0.8
31.06,88.07,0.21,0.3,0.28,0.09,2.65,NA
25.48,87,0.16,0.21,0.19,0.1,NA,NA
37.31,94.4,0.22,0.42,0.42,0.1,2.27,0.97
25.31,90.06,0.18,NA,0.2,0.08,NA,NA
24.31,83.73,0.12,NA,NA,0.09,1.69,0.32
39.5,88.52,0.25,0.35,0.39,0.14,4.19,0.04
24.8,86.39,NA,0.23,0.23,0.09,1.66,NA
NA,85.76,0.15,NA,0.21,0.1,1.53,0.38
25.46,90.62,0.14,0.17,0.18,0.11,1.64,0.51
25.25,82.83,0.13,NA,NA,0.1,1.95,0.26
23.38,85.81,0.14,0.19,0.21,0.1,1.48,NA
38.08,91.24,0.18,NA,0.47,0.1,2.28,1.44
40.85,88.35,0.23,NA,0.48,0.09,2.43,1.59
35.3,95.66,0.19,NA,0.44,0.09,2.2,0.82
25.37,84.64,0.14,NA,0.23,0.14,1.71,NA
35.77,92.02,0.25,NA,0.3,0.12,3.51,0.18
36.91,97.09,0.21,NA,0.52,0.16,2.39,0.56
29.55,88.73,0.12,NA,0.29,0.13,2,NA
28.61,88.16,0.15,0.17,0.2,0.12,1.39,0.94
36.22,93.34,0.25,NA,0.34,0.13,2.24,0.78
28.03,84.18,0.13,0.17,0.2,0.09,1.67,0.61
41.35,85.07,0.23,NA,0.28,0.17,NA,NA
28.96,83.4,NA,NA,0.26,0.14,NA,0.53
29.41,78.02,0.13,0.24,0.26,0.12,1.85,0.89
NA,90.83,0.23,0.46,0.52,0.19,3.16,0.39
37.4,86.79,0.22,NA,NA,0.11,3.25,NA
33.33,88.64,0.2,0.36,0.37,0.09,NA,0.68
23.41,82.05,0.16,NA,0.19,0.13,1.59,0.49
38.64,81.73,0.18,NA,0.44,0.1,2.26,NA
36.23,92.8,0.18,0.36,0.38,0.1,2.27,NA
30.99,85.41,0.14,NA,0.3,0.09,2.02,0.56
29.64,84.28,0.12,NA,0.28,0.12,1.93,0.78
26.41,88.14,0.15,NA,0.21,0.1,1.88,0.71
24.83,80.11,0.12,0.21,0.23,0.1,1.47,0.52
25.36,84.07,0.12,0.18,0.22,0.07,1.52,0.6
35.51,85.06,0.13,NA,NA,0.1,2.04,1.06
47.12,99.15,0.25,NA,0.42,0.16,2.89,1.54
27.5,86.3,0.11,0.17,0.19,0.13,1.84,NA
40.93,90.59,0.21,0.29,NA,0.16,3.9,0.26
28.86,87.74,0.14,0.2,0.2,0.13,1.71,0.83
28.6,92.1,0.14,0.21,0.21,0.07,1.87,0.94
28.68,85.34,0.14,NA,0.19,0.11,1.95,1.41
36.04,104.39,0.17,0.29,0.32,0.12,1.9,1.28
39.65,80.29,0.14,0.35,0.31,0.11,2.3,NA
43.12,79.03,0.22,0.41,0.41,0.14,2.63,NA
29.13,85.56,0.16,0.22,0.25,NA,NA,0.78
30.46,86.62,0.16,0.23,0.22,0.12,NA,0.49
35.32,87.03,0.16,NA,0.23,NA,2.06,0.53
47.78,NA,NA,NA,0.34,0.29,3.83,1.96
NA,80.18,0.13,NA,0.2,0.11,1.75,0.49
25.09,81.5,0.16,NA,0.22,0.14,1.83,0.1
26.79,88.28,NA,0.29,NA,0.06,1.7,0.52
22.84,NA,0.16,0.16,0.19,0.14,1.5,0.26
27.44,89.09,0.15,NA,0.3,0.11,1.63,0.46
36.95,90.05,0.18,0.36,0.4,0.12,2.28,1.2
NA,85.67,0.19,0.28,NA,0.14,2.4,0.48
41.51,92.26,0.17,NA,0.26,0.31,3.26,0.47
32.26,83.77,0.15,NA,0.27,0.13,2.01,NA
37.24,91.63,0.24,0.33,0.32,0.13,2.31,1.08
30.33,92.53,0.15,0.34,0.36,NA,1.37,0.47
32.42,NA,0.13,NA,0.33,0.13,1.75,1.45
34.04,87.51,0.14,NA,0.24,NA,1.95,1.14
39.69,88.59,0.26,0.34,0.35,0.16,3.83,0.43
NA,89.98,0.14,NA,0.35,0.09,2.42,0.78
48.81,96.77,0.35,0.48,0.47,0.16,3.29,1.25
36.8,88.25,0.22,NA,0.38,0.09,2.16,1.71
36.04,93.02,0.26,0.3,0.31,0.13,3.24,0.44
45.61,92.42,0.14,0.39,0.42,0.12,2.61,1.72
40.17,92.39,0.21,0.31,0.33,0.1,2.37,1.36
28.39,87.21,0.17,0.21,0.22,0.09,1.74,1.13
38.11,86.12,0.22,0.45,NA,0.13,NA,0.61
35.94,89.6,0.2,NA,0.39,0.07,2.17,1.36
NA,84.01,0.11,0.19,0.18,0.09,1.49,1.02
29.08,86.92,0.16,0.21,0.2,0.11,1.77,0.66
36.98,89.7,0.15,NA,0.31,0.08,1.86,1.17
43.24,92.84,0.21,NA,0.37,NA,2.45,NA
27.57,88.08,0.13,NA,0.16,0.1,1.5,1.18
42.54,95.84,0.19,0.29,0.3,0.14,2.85,0.34
34.28,88.31,0.16,NA,0.28,0.09,1.62,1.58
42.6,97.24,0.17,NA,0.39,0.11,2.4,NA
33.31,92.83,0.11,0.28,0.3,0.06,1.68,NA
39.64,94.13,0.19,NA,0.33,0.1,1.57,1.83
50.37,103.35,0.24,NA,0.45,0.15,3.19,1.9
21.21,89.44,0.12,0.17,0.17,0.1,1.37,0.15
32.58,88.94,0.2,0.34,0.35,0.08,1.88,NA
30.94,88.37,0.19,NA,0.34,0.09,1.71,0.46
31.87,92.75,0.16,NA,0.29,0.07,1.69,0.71
34.31,98.42,0.16,0.32,0.33,0.08,1.85,0.83
31.07,94.92,0.21,0.27,0.27,0.08,3.14,0.2
27.44,86.52,0.16,0.22,0.23,0.14,2.31,NA
37.27,99.06,0.2,0.43,NA,0.1,NA,NA
28.09,88.95,0.14,NA,0.26,0.07,1.54,0.39
NA,82.94,0.13,NA,0.15,0.1,1.32,0.13
35.08,95.06,0.19,NA,0.38,0.11,2.07,0.66
33.69,96.01,0.19,0.3,NA,0.09,1.85,0.56
26.09,86.88,0.14,0.22,0.25,0.13,1.88,0.37
25.94,86.87,0.14,0.2,0.22,0.12,1.9,0.28
NA,85.65,NA,0.17,0.19,0.09,1.43,0.47
31.74,89.64,0.17,0.32,0.34,0.1,2.11,0.82
30.2,87.99,0.19,NA,0.31,0.1,NA,0.41
38.19,91.54,NA,NA,0.38,0.15,2.4,1.48
32.06,88.59,0.16,NA,0.34,0.1,1.97,0.79
39.61,92.84,0.21,NA,0.42,0.13,2.88,1.23
26.23,87.94,0.14,NA,0.2,0.12,2.02,NA
32.28,89.02,0.14,0.28,0.29,0.16,2.71,0.4
25.78,88.77,0.14,NA,0.2,0.1,1.86,0.24
31.38,82.87,0.17,NA,0.29,0.1,2.02,0.91
36.16,88.87,0.17,NA,0.34,0.11,2.14,0.92
35.9,85.7,0.25,0.37,0.38,0.11,2.07,0.93
31.65,96.19,0.22,0.28,0.27,0.1,2.38,0.43
29.51,87.02,0.13,NA,0.28,0.08,1.8,0.78
28.66,83.53,0.14,NA,0.23,0.12,1.78,0.64
21.96,78.56,0.12,0.19,0.19,0.09,1.19,0.31
NA,85.41,0.12,NA,0.27,0.08,1.75,0.8
34.78,103.45,0.2,NA,0.39,0.1,2.28,0.54
32.79,93.54,0.17,NA,0.36,0.08,1.85,0.8
32.51,96.28,0.21,0.35,0.31,0.09,1.75,0.98
23.52,85.67,0.12,NA,0.22,0.08,1.4,NA
23.19,85.28,0.12,0.23,0.24,0.07,1.43,NA
38.07,96.92,0.2,0.26,0.26,0.15,4.14,0.13
40.39,98.89,0.16,NA,0.42,0.09,2.29,0.73
NA,93.66,0.15,0.3,0.29,0.09,1.5,0.8
32.2,92.95,0.14,NA,NA,0.07,1.74,0.59
33.46,91.21,0.29,NA,0.39,0.1,2.08,0.45
37.17,90.45,0.15,0.21,0.24,0.1,2.21,1.34
29.83,94.85,0.15,NA,0.58,0.05,2.16,NA
NA,92.61,0.21,0.41,0.43,0.1,3.29,1.92
35.35,97.48,0.13,NA,0.38,0.08,2.16,0.53
36.81,93.88,0.18,NA,0.31,0.08,2.17,1.3
NA,95.53,NA,0.41,0.42,0.1,2.41,1.01
40.6,87.7,0.18,NA,NA,0.1,2.53,1.55
42.91,103.26,0.3,NA,0.35,0.21,3.68,0.16
47.81,89.03,0.17,0.34,0.39,0.11,3.49,1.85
38.32,95.86,0.16,NA,0.35,NA,2.22,0.84
NA,96.26,0.17,0.35,0.36,0.09,2.31,1.35
33.25,93.28,0.2,0.29,0.28,0.09,2.01,0.99
33.2,93.53,0.33,0.28,0.27,0.13,3.1,NA
NA,84.45,0.13,0.14,0.12,0.09,1.16,0.6
26.3,89.63,0.12,0.19,0.2,NA,1.51,0.78
38.4,95.49,0.26,NA,0.4,0.11,NA,0.53
31.9,99.51,0.14,0.3,0.31,0.07,NA,0.72
32.4,94.1,0.15,0.29,0.28,0.1,1.96,1
26.4,96.48,0.14,NA,0.18,0.15,1.64,0.69
28.35,92.73,0.11,0.17,0.18,0.14,1.59,0.74
24.28,83.12,0.12,NA,0.17,0.1,1.26,0.63
34.24,96.66,0.15,0.26,0.31,0.1,1.92,0.93
29.59,NA,0.2,0.22,0.2,0.1,2.4,0.14
26.09,81.23,NA,0.21,0.21,0.12,1.07,0.41
NA,92.71,0.12,NA,0.21,0.12,1.75,0.55
33.19,92.44,0.16,0.24,0.26,0.11,1.98,NA
33.37,85.81,0.18,NA,0.33,0.09,2.15,NA
25.05,84.54,0.15,0.18,0.18,0.13,NA,0.33
34.27,89.22,NA,NA,0.26,0.11,1.99,1.03
27.86,81.05,0.14,0.21,0.22,0.15,1.85,0.7
28.43,86.79,0.14,0.22,0.23,0.14,2.01,0.56
29.19,90.52,0.13,0.24,0.23,NA,1.9,0.77
30.91,87.96,0.17,NA,0.22,0.17,2.37,0.85
26.64,80.85,0.17,NA,0.25,0.09,1.9,0.75
35.57,92.41,0.17,NA,0.38,0.12,2.22,0.83
40.8,91.77,NA,NA,0.43,0.13,2.57,NA
35.16,89.07,0.21,0.29,0.3,0.15,2.4,1.19
26.9,90,0.15,0.25,NA,0.12,1.89,NA
47.15,94.02,0.2,NA,0.44,0.11,NA,1.83
NA,96.56,0.15,0.23,0.3,0.16,NA,1.01
NA,95.51,0.14,NA,0.24,0.09,2.01,1.13
40.06,97.1,0.15,NA,0.44,0.12,2.48,1.14
29.76,90.14,0.14,NA,0.2,0.12,1.75,0.93
37.01,94.94,0.16,0.37,0.38,0.12,2.26,0.86
40.23,87.89,0.18,0.35,0.36,0.1,2.62,1.02
32.79,90.89,0.15,0.36,0.35,0.13,2.07,0.59
37.88,87.21,0.21,0.42,0.41,0.13,2.49,1.1
36.42,NA,0.23,0.41,0.41,0.1,2.51,NA
35,89.13,0.22,0.44,0.45,0.1,2.27,0.67
31.73,92.74,0.22,NA,0.21,0.14,2.15,1.21
24.41,86.53,0.05,0.15,0.13,0.05,NA,0.33
26.71,NA,0.15,0.29,0.28,0.1,1.5,0.52
24.18,84.14,0.11,NA,0.21,0.08,1.38,0.39
26.02,85.4,0.14,0.22,0.24,0.09,1.57,0.55
26.58,94.56,0.16,NA,0.25,0.1,1.46,0.75
32.16,95.98,0.17,0.3,0.31,0.1,1.87,NA
33.48,100.44,NA,NA,0.32,0.15,2.21,0.8
23.55,NA,0.09,NA,0.17,0.1,NA,0.41
27.43,90.85,0.17,0.19,0.19,0.13,1.84,NA
29.38,89.48,0.17,NA,0.28,NA,1.67,0.56
33.34,101.18,0.19,0.31,0.34,0.11,1.95,0.58
27.65,94.8,0.13,NA,0.24,0.07,1.68,0.36
22.04,94.9,0.11,0.14,NA,0.11,1.28,0.26
27.79,91.87,0.16,0.3,0.3,0.04,1.49,0.37
35.6,96.71,0.16,0.34,0.3,0.1,1.88,0.82
31.2,86.5,0.17,0.35,0.37,0.06,1.61,0.86
NA,99.16,NA,NA,0.16,0.12,1.67,0.37
24.57,99.86,0.17,0.2,0.21,0.1,1.65,0.21
26.28,NA,0.18,NA,0.23,0.11,1.71,0.61
25.05,99.85,0.15,0.22,NA,0.12,1.51,0.4
19.9,92.23,0.13,0.16,0.17,0.06,1.16,0.2
29.63,97.99,0.2,NA,0.38,0.13,2.27,0.55
NA,86.74,0.18,NA,0.34,0.1,1.99,0.39
18.67,85,0.12,0.17,0.16,0.06,0.91,0.28
17.47,93.06,0.11,NA,0.15,0.09,1.05,0.14
32.12,99.63,0.19,0.36,0.35,0.13,2.35,0.79
NA,94.29,0.12,0.2,NA,NA,1.48,0.13
31.19,101.62,0.18,0.39,0.39,NA,1.79,0.63
24.29,81.86,0.11,NA,0.2,0.11,1.31,NA
24.01,87.51,0.16,NA,0.22,0.14,1.43,0.36
23.33,84.2,0.12,0.22,0.19,0.11,1.26,0.34
24.35,85.33,0.12,NA,0.18,0.11,1.33,NA
36.17,98.2,0.19,0.32,0.33,0.12,NA,1.34
NA,94.53,0.17,0.31,0.31,0.08,1.86,0.47
32.72,88.56,0.14,0.33,0.33,0.14,1.97,1.33
37.1,93.97,0.17,NA,0.34,0.1,2.07,1.1
34.32,88.82,0.17,NA,0.32,0.08,1.96,NA
36.09,86.15,0.19,0.41,0.42,0.12,2.44,NA
41.57,91.61,0.24,0.47,0.27,0.09,2.05,0.69
31.03,90.81,0.18,0.3,0.3,0.13,1.93,0.66
NA,90.81,0.18,0.3,0.3,0.13,1.93,0.66
33.89,95.85,0.26,NA,NA,0.12,2.27,0.61
28.15,91.44,0.11,0.27,0.3,0.1,1.97,0.36
28.05,86.32,0.18,0.19,0.22,0.09,1.67,0.65
40.6,89.63,NA,NA,NA,0.12,2.5,1.23
28.23,87.61,0.18,NA,0.24,0.09,1.81,0.61
27.49,86.83,0.17,NA,0.22,0.12,1.75,0.58
27.22,90.18,0.11,NA,0.19,0.12,1.33,0.94
30.7,88.78,0.11,NA,0.21,0.1,1.57,1.46
34.35,96.04,0.23,NA,0.37,0.14,1.85,1
30.52,94.75,0.14,0.25,0.26,0.14,1.8,0.96
NA,104.67,0.25,NA,0.5,0.11,2.22,0.63
47.05,101.92,0.27,NA,0.49,0.18,NA,1.69
NA,95.66,0.12,0.26,0.29,0.14,1.8,0.78
41.46,95.42,0.23,NA,0.47,0.13,2.54,1.4
31.08,95.35,0.13,NA,0.3,0.12,1.6,0.63
32.34,89.62,0.15,0.31,NA,0.09,1.69,1.05
39.89,105.65,0.19,NA,0.48,0.12,2.22,NA
31.56,86.12,0.15,NA,0.37,0.1,1.7,0.6
36.41,86.08,0.15,NA,NA,0.1,1.78,NA
21.74,80.29,0.14,0.21,0.2,0.09,1.33,0.18
25.38,83.44,0.15,NA,0.3,0.06,NA,NA
20.07,77.04,0.12,0.2,0.2,0.1,1.19,0.22
22.58,81.78,0.12,0.19,0.19,0.11,1.46,NA
23,81.96,0.13,0.25,0.22,NA,1.39,0.42
28.98,80.19,0.16,NA,0.35,0.11,1.73,0.46
21.57,76.95,0.16,NA,0.28,0.06,1.33,0.11
21.67,80.09,0.12,NA,0.22,0.14,1.38,0.42
32.28,96.13,0.13,0.22,0.21,NA,1.84,0.69
29.97,89.66,0.15,NA,0.17,0.11,1.49,1.34
27.2,87.72,0.13,0.2,0.22,0.09,1.67,0.84
40.27,98.26,0.17,0.36,0.37,0.11,2.21,1.67
NA,99.74,0.2,0.44,0.41,0.14,3.21,2.12
34.45,92.36,0.18,NA,0.31,0.1,NA,0.78
23.44,84.24,0.1,NA,0.23,0.1,1.21,0.24
29.34,87.67,0.15,NA,0.23,0.11,1.6,0.26
23.73,94.2,0.12,0.22,0.23,0.11,1.46,0.44
37.18,104.42,0.19,0.37,0.38,0.13,2.28,0.89
25.6,90.81,0.09,0.27,0.24,0.1,1.38,NA
26.4,95.97,0.09,0.2,0.15,0.05,1.31,0.52
36.54,97.26,0.22,0.32,0.35,0.11,2.22,1.19
NA,99.81,0.14,0.31,0.34,NA,1.81,0.65
26.66,99.51,0.13,0.22,0.22,0.12,1.44,0.44
22.72,86.01,0.13,0.19,0.18,0.11,1.21,NA
26.5,89.73,0.15,0.26,0.24,0.16,1.8,0.3
22.13,85.88,0.12,NA,0.19,0.07,1.26,0.24
24.19,90.75,0.13,0.17,0.21,0.13,1.53,0.32
28.42,86.49,0.16,0.28,NA,0.18,1.95,0.29
32.52,85.02,0.16,0.34,0.36,0.1,1.9,0.73
27.32,84.08,0.14,0.22,0.23,0.1,1.81,0.29
27.95,96.59,0.15,NA,0.26,0.1,1.66,NA
33.67,NA,0.18,0.4,0.36,0.11,1.73,NA
32.03,98.4,0.13,0.35,0.35,0.1,1.86,0.44
NA,83.77,0.14,0.27,0.34,0.07,1.87,0.37
39.25,93.09,0.23,0.38,0.4,0.14,2.39,NA
35.7,92.17,0.2,0.38,NA,0.12,2.33,0.77
44.92,94.98,0.21,0.39,0.43,0.14,NA,1.64
26.51,83.72,0.14,0.2,0.23,0.13,1.64,0.62
29,86.75,0.17,0.25,NA,0.13,1.72,0.43
22.08,89.2,0.18,NA,0.21,0.1,1.67,0.57
24.54,87.95,0.11,NA,0.23,0.08,1.66,0.5
35.79,93.06,0.16,0.36,0.35,0.09,2.16,1.11
38.8,89.37,NA,NA,0.36,0.13,NA,1.47
35.69,87.23,0.23,0.36,0.37,0.12,2.22,1.12
29.4,82.35,0.1,NA,0.16,NA,1.81,1.33
26.31,82.82,0.12,NA,0.2,NA,1.74,0.56
38.25,86.66,0.24,0.34,0.35,0.1,2.23,NA
25.86,85.34,0.13,NA,0.21,0.14,1.66,0.49
25.78,89.69,0.16,NA,0.21,0.17,1.6,0.48
NA,NA,0.12,0.21,0.21,0.09,1.61,NA
29.99,91.43,0.1,0.19,0.22,0.1,1.79,1.04
23.11,83.56,0.11,NA,0.22,0.09,1.35,0.22
24.49,87.82,0.12,0.2,0.22,0.12,1.39,0.19
33.75,91.28,0.17,0.31,0.33,0.1,1.78,1.13
27.63,87.37,0.18,0.3,0.3,NA,1.68,0.51
32.68,90.73,0.18,0.29,0.29,0.08,1.84,0.76
32.2,94.16,0.17,0.36,0.35,0.09,1.75,0.73
21.41,86.08,0.12,NA,0.18,0.08,0.96,0.24
33.57,92.39,0.18,0.35,0.37,0.09,1.7,0.86
21.51,78.26,0.13,0.18,0.19,0.11,1.45,0.26
25.42,83.5,0.14,0.23,0.27,0.1,1.76,NA
31.96,89.36,0.19,NA,0.27,0.14,3.19,0.09
51.67,93.14,0.18,0.49,NA,0.11,2.64,NA
35.39,96.36,0.24,NA,0.34,0.12,NA,1.41
35.71,89.47,0.25,0.32,0.33,0.12,3.46,0.09
37.01,81.24,0.17,0.22,0.26,0.18,2.72,1.31
28.71,90.21,0.12,NA,0.26,0.12,1.66,NA
27.37,95.36,0.14,NA,0.21,NA,1.42,0.87
29.87,89.99,0.14,NA,0.33,0.12,1.67,NA
30.64,89.28,0.18,0.33,0.3,0.11,1.73,NA
NA,91.05,0.15,NA,0.34,0.14,2.04,0.84
32.56,90.07,0.23,NA,0.37,0.13,1.89,0.35
28.32,89.63,0.11,0.18,NA,0.08,1.6,0.51
31.96,89.3,0.17,NA,0.32,0.1,1.73,NA
22.95,87.69,0.17,NA,0.17,0.15,1.6,NA
22.03,NA,0.11,NA,0.16,0.07,NA,0.46
30.68,85.5,0.17,0.34,0.3,0.09,1.54,0.74
32.13,87.49,0.18,NA,0.26,0.1,1.76,0.98
29.34,86.19,0.2,NA,0.34,0.13,1.77,NA
26.06,85.41,0.16,NA,NA,0.12,1.89,0.68
25.58,NA,0.14,NA,0.22,0.14,1.71,0.6
33.78,86.04,0.17,NA,0.3,0.14,1.96,1.21
31.58,90.08,0.18,NA,0.39,0.12,1.72,0.48
30.98,87.66,0.14,0.19,0.21,0.11,2.02,NA
30.77,84.77,0.14,0.38,0.36,0.12,1.8,1.05
24.6,80.29,0.11,NA,0.21,0.08,1.16,NA
31.22,87.34,0.2,0.39,0.42,0.13,1.78,0.89
26.42,85.51,0.14,0.24,0.25,0.07,1.43,0.74
23.58,82.18,0.18,NA,0.23,0.1,1.49,0.71
19.56,74.64,0.11,0.2,0.2,0.07,1.18,0.6
26.5,81.77,0.14,0.25,0.23,NA,1.8,0.8
32.07,88.97,0.18,NA,0.35,0.08,1.8,0.91
28.85,82.73,0.18,0.27,0.29,0.1,1.8,0.77
NA,NA,0.16,0.26,0.25,0.08,1.54,0.77
33.29,89.41,0.21,NA,0.35,0.1,1.87,1.02
27.87,91.48,0.15,0.29,0.27,0.08,1.42,0.64
28.64,89.24,0.2,NA,0.41,0.11,1.75,0.4
32.43,92.1,0.17,0.37,0.38,0.11,1.95,0.85
27.99,95.42,0.16,NA,0.34,0.09,1.55,0.42
32.46,87.01,0.15,0.31,0.33,0.11,1.64,0.9
NA,87.11,0.14,0.3,0.28,0.08,1.6,0.51
28.97,86.03,0.18,NA,0.28,0.11,1.97,0.78
36.17,90.88,0.17,NA,0.4,0.1,1.9,0.97
27.86,86.14,0.11,0.21,0.22,0.09,1.66,0.79
38.74,NA,0.24,0.3,0.25,0.16,2.29,2.44
29.24,90.4,0.18,0.23,0.2,0.16,1.81,0.79
45.8,89.65,0.21,0.44,0.41,0.11,2.67,1.5
45.19,93.17,0.2,NA,0.31,0.1,NA,1.44
32.97,89.04,0.15,0.31,0.36,0.09,1.82,NA
23.3,94.17,0.17,0.18,0.19,0.1,1.58,0.34
27.7,86.44,0.14,0.19,0.22,0.1,1.78,1.03
34.96,90.78,0.14,0.36,0.37,0.1,2.12,0.87
29.04,92.14,0.18,0.2,0.2,0.1,2.02,1.09
24.3,89.76,0.11,0.2,0.22,0.11,1.78,NA
36.75,93.02,0.2,NA,NA,NA,1.83,1.07
32.22,NA,0.15,NA,0.31,0.09,1.19,1.03
20.93,95.68,0.12,NA,0.18,0.12,0.88,0.61
23.65,85.33,0.1,0.17,0.17,0.08,1.21,0.64
30.84,87.55,0.15,NA,0.29,0.1,1.57,0.66
32.42,94.49,0.14,NA,0.34,NA,1.76,0.84
31.37,93.74,0.17,NA,0.32,0.09,1.6,0.75
25.46,93.13,0.13,0.19,0.19,0.07,1.57,0.77
25.13,88.67,0.14,0.22,0.18,0.09,1.22,NA
25.5,90.93,0.15,0.2,NA,0.12,1.58,0.55
34.08,99.93,0.19,NA,0.34,0.12,1.78,0.8
24.66,94.19,0.15,0.2,0.22,0.1,1.35,0.79
35.3,NA,0.2,0.37,0.38,0.12,1.63,0.63
NA,95.37,0.21,0.39,0.38,0.12,1.76,0.7
26.77,91.18,0.15,NA,0.23,0.12,1.61,0.46
25.25,NA,0.08,NA,0.2,0.1,1.3,0.48
23.9,96.51,0.15,0.22,0.22,0.12,1.32,0.21
32.39,99.83,0.15,NA,NA,0.09,2.08,NA
22.62,87.61,0.09,NA,0.17,0.11,NA,0.19
23.55,92.84,0.13,0.19,0.2,0.1,1.66,0.27
34.6,98.56,0.21,0.43,0.42,0.14,2.2,0.94
27,94.19,0.13,0.19,NA,0.17,1.89,0.37
34.28,104.89,0.21,0.38,0.32,0.14,2.38,NA
30.05,NA,0.18,0.25,NA,0.08,1.75,0.69
21.65,83.43,0.11,0.13,0.16,0.05,1.37,0.11
35.84,96.88,0.2,0.35,0.38,0.14,2.25,0.89
NA,91.73,0.16,0.18,0.19,0.12,1.4,0.41
23.6,91.96,0.14,0.18,0.19,0.07,1.63,1.3
32.2,90.8,0.2,0.26,0.26,0.16,2.41,1.11
24.9,85.49,0.17,0.18,0.24,0.12,1.62,0.43
NA,82.69,0.14,NA,0.22,0.11,1.39,NA
36.75,90.41,0.16,NA,0.32,0.11,2.27,0.99
29.99,84.64,0.16,NA,0.32,0.1,2.03,0.59
NA,84.72,0.16,NA,0.22,0.12,1.98,0.53
22.08,80.51,0.14,NA,0.18,0.1,1.49,0.27
23.8,84.98,0.14,0.22,0.22,0.08,1.63,0.32
33.04,86.49,0.16,NA,0.23,NA,2.19,1.67
23.81,87.59,NA,0.18,0.18,0.1,1.32,0.39
46.32,93.38,0.19,NA,0.41,0.13,NA,2.18
42.78,89.56,0.17,NA,0.41,0.15,2.67,1.21
31.35,91.63,NA,0.21,0.19,0.13,1.88,1.36
30.11,83.29,0.17,NA,0.22,0.12,NA,1.29
44.35,98.28,0.26,NA,0.34,0.11,2.33,1.56
36.36,92.32,0.17,NA,0.24,0.12,NA,2.02
41.65,94.78,0.21,NA,0.42,0.1,2.36,1.75
43.36,92.43,0.17,NA,0.34,0.1,2.04,2.25
28.73,91.87,0.11,NA,0.27,0.14,1.94,0.67
25.73,84.87,0.13,NA,0.21,0.09,NA,0.76
27.94,95.1,0.13,0.2,0.19,0.09,1.72,0.6
24.2,NA,0.12,NA,0.19,0.09,1.53,0.44
20.21,84.14,0.1,NA,0.16,0.09,1.18,0.32
38.41,94.14,0.15,NA,0.34,0.11,2.1,1.32
28.9,89.18,0.17,0.21,0.24,0.08,1.68,NA
28.98,88.34,0.16,NA,NA,0.09,1.78,0.82
22.44,88.22,0.11,NA,0.15,NA,1.13,0.51
31.61,NA,0.13,0.31,0.27,0.09,1.56,0.87
44.46,92.26,0.19,0.36,0.36,0.13,2.47,NA
31.05,87.65,0.19,NA,NA,0.12,1.77,0.39
24.66,86.63,0.14,0.22,0.19,0.09,1.27,NA
22.94,80.06,0.16,NA,0.24,NA,1.54,0.1
32.63,93.8,0.2,NA,0.37,0.13,1.71,0.65
33.97,91.74,0.14,0.27,0.31,0.09,2.09,0.72
39.79,96.98,0.22,0.37,0.41,0.15,2.44,0.87
38.37,97.38,0.19,NA,0.35,0.14,2.25,0.78
39.21,89.86,0.23,0.35,0.37,0.12,2.38,1.2
38.8,92.55,0.25,0.49,NA,NA,2.51,1.01
38.37,90.79,0.19,NA,0.39,0.1,2.38,1.55
32.55,81.58,NA,NA,0.22,0.09,1.63,1.61
34.14,93.83,0.16,NA,0.3,0.1,2.26,0.86
25.2,84.32,0.16,NA,0.2,0.14,1.58,0.43
21.9,84.7,0.1,0.17,0.18,0.09,1.21,0.31
37.5,90.94,0.18,NA,0.37,0.08,NA,1.28
24.1,83.22,0.12,0.16,0.16,0.11,1.43,NA
NA,84.8,0.14,0.17,0.18,0.12,1.83,NA
31.37,92.75,0.14,0.26,0.26,0.1,1.78,NA
35.28,93.87,0.17,0.3,0.3,0.11,2.41,0.9
32.71,95.73,0.15,NA,0.27,0.09,1.64,0.88
27.3,87.64,NA,NA,0.19,0.1,1.69,0.37
30.11,91.05,0.15,NA,0.26,0.08,1.89,0.71
NA,85.81,0.18,NA,0.22,0.12,1.77,0.24
27.42,88.8,0.12,NA,0.18,0.08,1.77,0.9
29.15,89.95,0.11,0.22,0.18,NA,1.64,1.05
NA,95.61,0.08,NA,0.25,0.17,2,1.02
24.72,93.71,0.11,NA,NA,0.1,1.54,NA
25.18,90.47,0.17,0.21,0.19,0.11,1.18,0.52
37.52,97.48,0.25,NA,0.4,0.13,2.31,0.87
24.25,91.32,0.11,0.18,0.15,0.1,1.29,0.46
32.21,89.99,0.17,NA,NA,0.15,2.19,NA
37.56,91.32,0.22,NA,0.37,0.1,2.17,0.81
31.92,NA,0.2,NA,0.24,0.12,NA,NA
28.86,81.91,0.16,NA,0.29,0.14,2.18,0.62
NA,75.01,0.11,NA,0.21,0.11,1.59,0.17
NA,79.33,0.14,NA,0.24,0.12,1.71,0.26
27.32,85.18,0.13,0.2,0.23,0.12,1.89,0.52
25,78,0.14,NA,0.28,0.08,1.81,0.38
36.32,82.31,0.18,0.4,NA,0.13,2.06,0.97
32.54,78.75,0.17,0.41,0.36,0.11,1.62,0.96
14.63,56.16,0.09,0.1,0.1,0.09,0.52,0.04
23.14,72.92,0.17,NA,0.24,0.1,1.27,NA
31.74,73.4,0.17,NA,0.33,0.12,1.75,0.91
27.15,71.39,0.16,0.28,0.27,0.16,1.54,0.946
26.6,77.45,0.14,0.24,0.23,0.16,1.57,0.912
24.14,73.8,0.14,NA,0.2,0.09,1.47,0.64
30.71,78.12,0.17,NA,0.32,0.1,1.84,0.46
39.65,91.93,0.22,NA,0.41,0.12,2.33,1.33
32.77,86.96,0.16,0.29,0.34,0.09,1.91,0.76
28.37,88.29,0.19,NA,NA,0.12,1.72,0.49
26.39,84.75,0.15,NA,0.22,0.1,1.66,NA
26.05,85.86,0.13,NA,0.17,0.09,1.43,0.7
29,90.19,0.16,NA,0.22,0.14,1.93,0.77
24.8,89.07,0.14,0.2,0.2,0.1,1.76,NA
31.67,91,0.18,0.35,0.36,0.12,1.97,0.63
36.88,86.95,0.17,0.42,0.39,0.09,2.28,1.53
27.73,88.15,0.15,0.21,0.23,0.1,2.07,0.8
34.79,91.74,0.2,0.36,0.36,0.11,2.32,0.7
25,89,0.16,NA,0.2,0.12,1.8,NA
37.61,92.4,0.17,NA,0.41,0.13,2.43,1.17
23.72,85.12,0.17,0.2,0.2,NA,1.62,0.47
23.9,87.67,0.14,NA,0.18,0.11,1.37,0.51
33.62,91.78,0.14,NA,0.41,0.1,2.32,0.67
28.37,87.86,0.15,0.29,0.32,0.09,1.77,0.79
30.2,93.7,0.17,NA,0.33,0.1,1.64,0.74
32.68,91.87,0.17,0.31,0.32,0.09,1.06,0.82
29.76,89.65,0.14,0.22,0.18,0.13,1.87,1.21
25.07,87.66,0.09,0.18,0.15,0.1,1.5,0.69
32.18,93.28,NA,NA,0.25,0.12,2.12,NA
25.98,89.24,0.12,0.19,0.21,NA,1.73,0.53
25.08,NA,0.09,NA,0.18,0.11,1.57,0.51
38.2,92.05,0.2,NA,0.35,0.12,2.44,1.23
37.08,NA,0.17,0.37,0.33,0.12,2.21,NA
NA,88.55,0.14,NA,0.25,0.07,1.58,NA
29.63,75.61,0.13,NA,0.22,0.11,1.87,NA
30.87,80.16,0.18,0.32,NA,0.1,2.19,0.33
33.54,90.89,0.25,0.34,0.36,NA,2.41,0.56
34.3,77.76,0.2,NA,0.33,0.12,2.28,1.16
26.34,81.1,0.14,0.26,0.2,0.1,1.56,NA
43.62,81.92,0.2,0.39,0.41,0.14,2.22,1.8
36.03,83.72,0.14,NA,0.26,0.17,1.89,2.56
34.36,NA,0.17,0.26,0.26,0.14,1.92,2.5
34.4,82.58,0.17,0.41,0.43,0.07,2.2,0.7
31.19,83.02,0.14,NA,0.21,0.11,1.82,1.65
44.45,81.91,0.2,0.41,0.44,0.17,2.36,2.54
42.69,87.76,0.19,0.38,0.39,0.08,NA,1.67
25.79,83.08,0.16,0.23,NA,0.13,1.98,0.29
28.49,84.37,NA,0.25,0.27,0.13,2.11,0.74
24.32,85.7,0.18,NA,0.19,0.08,1.63,0.68
25.44,82.94,0.19,0.22,0.24,0.13,1.8,0.31
31.04,89.06,0.22,0.36,0.38,0.1,2.01,0.6
27.84,88.76,0.13,0.21,0.22,0.08,1.42,0.9
NA,84.82,0.09,NA,0.19,0.09,1.47,0.73
39.63,97.67,0.2,0.4,0.43,0.1,2.19,1.66
27.72,91.47,0.19,NA,0.21,0.11,1.63,0.74
24.77,80.72,0.1,0.2,NA,0.08,1.45,0.43
33.26,90.09,0.19,NA,0.4,0.1,2.28,NA
25.58,83.46,0.19,0.2,0.24,0.09,NA,0.51
29.86,89.36,0.18,NA,0.29,0.09,NA,0.66
28.35,90.88,0.1,0.21,0.21,0.1,1.78,0.68
28.58,87.9,0.17,NA,0.29,0.07,1.91,0.55
32.25,86.7,0.15,NA,0.32,0.1,1.86,1.05
24.06,87.61,0.12,NA,0.22,0.1,1.47,0.54
31.96,91.39,NA,0.32,0.31,0.08,1.95,1.07
28.67,95.77,0.16,NA,0.25,0.14,1.86,0.75
28.54,95.56,0.15,0.25,0.23,0.1,NA,0.66
25.84,94.32,0.12,NA,0.22,0.13,1.83,0.24
27.8,92.23,0.14,0.23,0.24,0.11,2.14,NA
27.37,91.8,0.12,NA,0.22,0.15,2.2,0.24
29.83,97.95,0.16,0.23,0.29,0.08,1.96,0.78
NA,91.61,0.14,0.2,0.2,0.13,1.98,0.17
30.67,NA,0.15,0.28,0.32,0.09,2.07,NA
30.04,102,0.18,0.27,0.31,0.14,2.16,0.59
28.75,101.28,0.17,0.35,0.34,0.09,2.18,0.42
23.88,87.1,0.13,NA,0.21,NA,1.87,0.22
23.78,92.73,0.12,0.18,0.15,0.11,1.77,0.42
28.57,98.92,0.14,0.29,0.3,0.1,1.83,0.42
29.87,97.03,0.14,0.21,0.2,0.15,2.37,0.55
23.79,89.49,0.09,0.18,0.18,0.09,1.59,0.47
